"unitid","institution name","year","institution name","HD2014.ZIP code","HD2014.Longitude location of institution","HD2014.Latitude location of institution","HD2014.Carnegie Classification 2010: Size and Setting","HD2014.Institution size category"
"130581","Tri-State College of Acupuncture","2014","Tri-State College of Acupuncture","10011","-74.002085","40.739862","Not applicable, special focus institution","Under 1,000"
"188340","Vaughn College of Aeronautics and Technology","2014","Vaughn College of Aeronautics and Technology","11369","-73.881721","40.768348","Small four-year, primarily nonresidential","1,000 - 4,999"
"188429","Adelphi University","2014","Adelphi University","11530-0701","-73.653321","40.721439","Medium four-year, primarily nonresidential","5,000 - 9,999"
"188438","Adirondack Community College","2014","Adirondack Community College","12804","-73.655014","43.353441","Medium two-year","1,000 - 4,999"
"188465","Globe Institute of Technology","2014","Globe Institute of Technology","10018","-74.006011","40.714909","Not applicable, special focus institution","Under 1,000"
"188517","Bryant & Stratton College-Albany","2014","Bryant & Stratton College-Albany","12205","-73.810438","42.697996","Small two-year","Under 1,000"
"188526","Albany College of Pharmacy and Health Sciences","2014","Albany College of Pharmacy and Health Sciences","12208-3492","-73.778132","42.652559","Not applicable, special focus institution","1,000 - 4,999"
"188535","Albany Law School","2014","Albany Law School","12208","-73.777692","42.651264","Not applicable, special focus institution","Under 1,000"
"188580","Albany Medical College","2014","Albany Medical College","12208-3479","-73.773975","42.653178","Not applicable, special focus institution","Under 1,000"
"188641","Alfred University","2014","Alfred University","14802-1205","-77.788625","42.255866","Small four-year, highly residential","1,000 - 4,999"
"188650","Allen School-Brooklyn","2014","Allen School-Brooklyn","11201","-73.991546","40.693797","Not applicable, not in Carnegie universe (not accredited or nondegree-granting)","Under 1,000"
"188669","The Ailey School","2014","The Ailey School","10019-4402","-73.986891","40.766921","Not applicable, not in Carnegie universe (not accredited or nondegree-granting)","Under 1,000"
"188678","American Academy of Dramatic Arts-New York","2014","American Academy of Dramatic Arts-New York","10016","-73.984843","40.745545","Very small two-year","Under 1,000"
"188687","American Academy McAllister Institute of Funeral Service","2014","American Academy McAllister Institute of Funeral Service","10019","-73.993782","40.769031","Very small two-year","Under 1,000"
"188696","Joffrey Ballet School","2014","Joffrey Ballet School","10011","-73.998566","40.734545","Not applicable, not in Carnegie universe (not accredited or nondegree-granting)","Under 1,000"
"188854","American Musical and Dramatic Academy","2014","American Musical and Dramatic Academy","10023","-73.982249","40.780142","Not applicable, special focus institution","1,000 - 4,999"
"188890","Apex Technical School","2014","Apex Technical School","11101","-73.941511","40.750420","Not applicable, not in Carnegie universe (not accredited or nondegree-granting)","1,000 - 4,999"
"188915","Arnot Ogden Medical Center","2014","Arnot Ogden Medical Center","14905-1676","-76.828353","42.100990","Not applicable, not in Carnegie universe (not accredited or nondegree-granting)","Under 1,000"
"188942","Associated Beth Rivkah Schools","2014","Associated Beth Rivkah Schools","11225","-73.950087","40.666388","Not applicable, not in Carnegie universe (not accredited or nondegree-granting)","Under 1,000"
"188988","Austin's School of Spa Technology","2014","Austin's School of Spa Technology","12206-1513","-73.788706","42.680756","Not applicable, not in Carnegie universe (not accredited or nondegree-granting)","Under 1,000"
"189015","Bank Street College of Education","2014","Bank Street College of Education","10025","-73.966643","40.805604","Not applicable, special focus institution","Under 1,000"
"189088","Bard College","2014","Bard College","12504-5000","-73.906243","42.021803","Small four-year, highly residential","1,000 - 4,999"
"189097","Barnard College","2014","Barnard College","10027-6598","-73.964027","40.809137","Small four-year, highly residential","1,000 - 4,999"
"189219","Berk Trade and Business School","2014","Berk Trade and Business School","11101-8120","-73.931301","40.745064","Not applicable, not in Carnegie universe (not accredited or nondegree-granting)","Under 1,000"
"189228","Berkeley College-New York","2014","Berkeley College-New York","10017","-73.979577","40.754043","Not applicable, special focus institution","1,000 - 4,999"
"189264","Beth Hatalmud Rabbinical College","2014","Beth Hatalmud Rabbinical College","11214","-73.993039","40.605394","Not applicable, special focus institution","Under 1,000"
"189273","Beth Hamedrash Shaarei Yosher Institute","2014","Beth Hamedrash Shaarei Yosher Institute","11204","-73.981088","40.635503","Not applicable, special focus institution","Under 1,000"
"189282","Phillips Beth Israel School of Nursing","2014","Phillips Beth Israel School of Nursing","10001-6354","-73.991085","40.744884","Very small two-year","Under 1,000"
"189404","Hair Design Institute at Fifth Avenue-Brooklyn","2014","Hair Design Institute at Fifth Avenue-Brooklyn","11209","-74.028551","40.623130","Not applicable, not in Carnegie universe (not accredited or nondegree-granting)","Under 1,000"
"189413","Boricua College","2014","Boricua College","10032-1560","-73.945800","40.833434","Small four-year, primarily nonresidential","1,000 - 4,999"
"189422","Bramson ORT College","2014","Bramson ORT College","11375-4239","-73.847799","40.721403","Small two-year","Under 1,000"
"189459","Briarcliffe College","2014","Briarcliffe College","11714-3545","-73.495305","40.758196","Small four-year, primarily nonresidential","1,000 - 4,999"
"189468","Brittany Beauty School","2014","Brittany Beauty School","11756-1345","-73.515715","40.724766","Not applicable, not in Carnegie universe (not accredited or nondegree-granting)","Under 1,000"
"189477","American Beauty School","2014","American Beauty School","10462","-73.860710","40.835231","Not applicable, not in Carnegie universe (not accredited or nondegree-granting)","Under 1,000"
"189501","Brooklyn Law School","2014","Brooklyn Law School","11201","-73.990535","40.692662","Not applicable, special focus institution","1,000 - 4,999"
"189547","SUNY Broome Community College","2014","SUNY Broome Community College","13905","-75.909212","42.135320","Large two-year","5,000 - 9,999"
"189556","Bryant & Stratton College-Amherst","2014","Bryant & Stratton College-Amherst","14068","-78.743201","43.040510","Very small four-year, primarily nonresidential","Under 1,000"
"189565","Bryant & Stratton College-Syracuse North","2014","Bryant & Stratton College-Syracuse North","13090","-76.240182","43.189609","Very small two-year","Under 1,000"
"189574","Bryant & Stratton College-Syracuse","2014","Bryant & Stratton College-Syracuse","13203-2502","-76.136679","43.058795","Small two-year","Under 1,000"
"189583","Bryant & Stratton College-Buffalo","2014","Bryant & Stratton College-Buffalo","14203","-78.874095","42.886474","Small two-year","Under 1,000"
"189592","Bryant & Stratton College-Greece","2014","Bryant & Stratton College-Greece","14612","-77.696543","43.240725","Very small two-year","Under 1,000"
"189653","Business Informatics Center Inc","2014","Business Informatics Center Inc","11580-5431","-73.707437","40.663414","Very small two-year","Under 1,000"
"189705","Canisius College","2014","Canisius College","14208-1098","-78.851794","42.925319","Medium four-year, primarily residential","1,000 - 4,999"
"189714","Capri School of Hair Design","2014","Capri School of Hair Design","10954","-74.021088","41.099737","Not applicable, not in Carnegie universe (not accredited or nondegree-granting)","Under 1,000"
"189811","St Paul's School of Nursing-Queens","2014","St Paul's School of Nursing-Queens","11374","-73.858441","40.729180","Very small two-year","Under 1,000"
"189839","Cayuga County Community College","2014","Cayuga County Community College","13021-3099","-76.543191","42.943802","Medium two-year","1,000 - 4,999"
"189848","Cazenovia College","2014","Cazenovia College","13035","-75.854054","42.931946","Small four-year, highly residential","1,000 - 4,999"
"189857","Central Yeshiva Tomchei Tmimim Lubavitz","2014","Central Yeshiva Tomchei Tmimim Lubavitz","11230","-73.970807","40.627852","Not applicable, special focus institution","Under 1,000"
"189954","Cheryl Fells School of Business","2014","Cheryl Fells School of Business","14304","-78.983878","43.106386","Not applicable, not in Carnegie universe (not accredited or nondegree-granting)","Under 1,000"
"189981","Christ the King Seminary","2014","Christ the King Seminary","14052-0607","-78.656594","42.772212","Not applicable, special focus institution","Under 1,000"
"189990","Christine Valmy International School for Esthetics, Skin Care & Makeup","2014","Christine Valmy International School for Esthetics, Skin Care & Makeup","10016-7701","-73.986970","40.745080","Not applicable, not in Carnegie universe (not accredited or nondegree-granting)","Under 1,000"
"190008","Circle in the Square Theater School","2014","Circle in the Square Theater School","10019-6795","-73.984607","40.762059","Not applicable, not in Carnegie universe (not accredited or nondegree-granting)","Under 1,000"
"190035","CUNY System Office","2014","CUNY System Office","10017","-73.947836","40.771370","Not applicable, not in Carnegie universe (not accredited or nondegree-granting)","Not applicable"
"190044","Clarkson University","2014","Clarkson University","13699","-74.999947","44.663761","Medium four-year, highly residential","1,000 - 4,999"
"190053","Clinton Community College","2014","Clinton Community College","12901","-73.442061","44.648105","Small two-year","1,000 - 4,999"
"190071","Cochran School of Nursing","2014","Cochran School of Nursing","10701","-73.886290","40.968797","Very small two-year","Under 1,000"
"190080","Colgate Rochester Crozer Divinity School","2014","Colgate Rochester Crozer Divinity School","14620-2589","-77.598551","43.131789","Not applicable, special focus institution","Under 1,000"
"190099","Colgate University","2014","Colgate University","13346-1398","-75.535000","42.818800","Small four-year, highly residential","1,000 - 4,999"
"190114","Metropolitan College of New York","2014","Metropolitan College of New York","10013-1919","-74.007056","40.723516","Small four-year, primarily nonresidential","1,000 - 4,999"
"190150","Columbia University in the City of New York","2014","Columbia University in the City of New York","10027","-73.961885","40.808286","Large four-year, highly residential","20,000 and above"
"190169","Columbia-Greene Community College","2014","Columbia-Greene Community College","12534","-73.787809","42.230180","Small two-year","1,000 - 4,999"
"190239","Empire Beauty School-Queens","2014","Empire Beauty School-Queens","11103","-73.919106","40.759165","Not applicable, not in Carnegie universe (not accredited or nondegree-granting)","Under 1,000"
"190248","Concordia College-New York","2014","Concordia College-New York","10708-1998","-73.822120","40.942530","Very small four-year, highly residential","1,000 - 4,999"
"190293","Continental School of Beauty Culture-Buffalo","2014","Continental School of Beauty Culture-Buffalo","14223","-78.830000","42.958227","Not applicable, not in Carnegie universe (not accredited or nondegree-granting)","Under 1,000"
"190309","Continental School of Beauty Culture-Batavia","2014","Continental School of Beauty Culture-Batavia","14020","-78.193000","43.001300","Not applicable, not in Carnegie universe (not accredited or nondegree-granting)","Under 1,000"
"190318","Continental School of Beauty Culture-Rochester","2014","Continental School of Beauty Culture-Rochester","14623","-77.627186","43.086371","Not applicable, not in Carnegie universe (not accredited or nondegree-granting)","Under 1,000"
"190372","Cooper Union for the Advancement of Science and Art","2014","Cooper Union for the Advancement of Science and Art","10003-7120","-73.990516","40.729380","Very small four-year, primarily nonresidential","Under 1,000"
"190415","Cornell University","2014","Cornell University","14853","-76.482690","42.445291","Large four-year, highly residential","20,000 and above"
"190424","Weill Cornell Medical College","2014","Weill Cornell Medical College","10065","-73.954839","40.764738","Not applicable, special focus institution","1,000 - 4,999"
"190442","Corning Community College","2014","Corning Community College","14830","-77.073708","42.117240","Medium two-year","1,000 - 4,999"
"190451","Crouse Hospital College of Nursing","2014","Crouse Hospital College of Nursing","13210-1687","-76.138834","43.042264","Very small two-year","Under 1,000"
"190503","Culinary Institute of America","2014","Culinary Institute of America","12538-1499","-73.931833","41.746225","Not applicable, special focus institution","1,000 - 4,999"
"190512","CUNY Bernard M Baruch College","2014","CUNY Bernard M Baruch College","10010","-73.983417","40.740238","Large four-year, primarily nonresidential","10,000 - 19,999"
"190521","CUNY Borough of Manhattan Community College","2014","CUNY Borough of Manhattan Community College","10007","-74.011826","40.718790","Very large two-year","20,000 and above"
"190530","CUNY Bronx Community College","2014","CUNY Bronx Community College","10453","-73.909742","40.857185","Large two-year","10,000 - 19,999"
"190549","CUNY Brooklyn College","2014","CUNY Brooklyn College","11210","-73.953120","40.631912","Large four-year, primarily nonresidential","10,000 - 19,999"
"190558","College of Staten Island CUNY","2014","College of Staten Island CUNY","10314","-74.148701","40.603949","Large four-year, primarily nonresidential","10,000 - 19,999"
"190567","CUNY City College","2014","CUNY City College","10031","-73.950550","40.819794","Large four-year, primarily nonresidential","10,000 - 19,999"
"190576","CUNY Graduate School and University Center","2014","CUNY Graduate School and University Center","10016","-73.983575","40.748503","Medium four-year, primarily nonresidential","5,000 - 9,999"
"190585","CUNY Hostos Community College","2014","CUNY Hostos Community College","10451","-73.927363","40.817601","Medium two-year","5,000 - 9,999"
"190594","CUNY Hunter College","2014","CUNY Hunter College","10065","-73.964795","40.768669","Large four-year, primarily nonresidential","20,000 and above"
"190600","CUNY John Jay College of Criminal Justice","2014","CUNY John Jay College of Criminal Justice","10019","-73.988381","40.770675","Large four-year, primarily nonresidential","10,000 - 19,999"
"190619","CUNY Kingsborough Community College","2014","CUNY Kingsborough Community College","11235","-73.934779","40.576446","Very large two-year","10,000 - 19,999"
"190628","CUNY LaGuardia Community College","2014","CUNY LaGuardia Community College","11101","-73.935057","40.744500","Very large two-year","20,000 and above"
"190637","CUNY Lehman College","2014","CUNY Lehman College","10468","-73.894627","40.873928","Medium four-year, primarily nonresidential","10,000 - 19,999"
"190646","CUNY Medgar Evers College","2014","CUNY Medgar Evers College","11225","-73.957076","40.666256","Medium four-year, primarily nonresidential","5,000 - 9,999"
"190655","CUNY New York City College of Technology","2014","CUNY New York City College of Technology","11201","-73.987856","40.695483","Large four-year, primarily nonresidential","10,000 - 19,999"
"190664","CUNY Queens College","2014","CUNY Queens College","11367","-73.815387","40.737771","Large four-year, primarily nonresidential","10,000 - 19,999"
"190673","CUNY Queensborough Community College","2014","CUNY Queensborough Community College","11364-1497","-73.754548","40.754858","Very large two-year","10,000 - 19,999"
"190682","CUNY School of Law at Queens College","2014","CUNY School of Law at Queens College","11101","-73.943909","40.746457","Not applicable, special focus institution","Under 1,000"
"190691","CUNY York College","2014","CUNY York College","11451","-73.794586","40.702661","Medium four-year, primarily nonresidential","5,000 - 9,999"
"190707","CVPH Medical Center School of Radiologic Technology","2014","CVPH Medical Center School of Radiologic Technology","12901-1438","-73.469773","44.699991","Not applicable, not in Carnegie universe (not accredited or nondegree-granting)","Under 1,000"
"190716","D'Youville College","2014","D'Youville College","14201-1084","-78.890369","42.902263","Small four-year, primarily nonresidential","1,000 - 4,999"
"190725","Daemen College","2014","Daemen College","14226-3592","-78.789025","42.965024","Small four-year, primarily residential","1,000 - 4,999"
"190752","Yeshiva of Far Rockaway Derech Ayson Rabbinical Seminary","2014","Yeshiva of Far Rockaway Derech Ayson Rabbinical Seminary","11691","-73.743901","40.600490","Not applicable, not in Carnegie universe (not accredited or nondegree-granting)","Under 1,000"
"190761","Dominican College of Blauvelt","2014","Dominican College of Blauvelt","10962-1210","-73.952340","41.054111","Small four-year, primarily residential","1,000 - 4,999"
"190770","Dowling College","2014","Dowling College","11769-1999","-73.164816","40.746051","Medium four-year, primarily nonresidential","1,000 - 4,999"
"190840","Dutchess Community College","2014","Dutchess Community College","12601-1595","-73.904954","41.726476","Large two-year","5,000 - 9,999"
"190956","Belanger School of Nursing","2014","Belanger School of Nursing","12304","-73.914641","42.803590","Very small two-year","Under 1,000"
"190974","Elmira Business Institute","2014","Elmira Business Institute","14901","-76.799300","42.085709","Very small two-year","Under 1,000"
"190983","Elmira College","2014","Elmira College","14901","-76.811333","42.092724","Small four-year, highly residential","1,000 - 4,999"
"191083","Erie Community College","2014","Erie Community College","14203-2698","-78.872679","42.881771","Very large two-year","10,000 - 19,999"
"191126","Fashion Institute of Technology","2014","Fashion Institute of Technology","10001-5992","-73.994781","40.747310","Medium four-year, primarily nonresidential","5,000 - 9,999"
"191199","Finger Lakes Community College","2014","Finger Lakes Community College","14424-8395","-77.241801","42.867556","Medium two-year","5,000 - 9,999"
"191205","Five Towns College","2014","Five Towns College","11746-5871","-73.369968","40.793327","Small four-year, primarily nonresidential","Under 1,000"
"191241","Fordham University","2014","Fordham University","10458","-73.889578","40.861183","Large four-year, highly residential","10,000 - 19,999"
"191287","The International Culinary Center","2014","The International Culinary Center","10013-2618","-74.000090","40.720817","Not applicable, not in Carnegie universe (not accredited or nondegree-granting)","Under 1,000"
"191302","Fulton-Montgomery Community College","2014","Fulton-Montgomery Community College","12095-3790","-74.294146","42.983048","Medium two-year","1,000 - 4,999"
"191311","Gemological Institute of America-New York","2014","Gemological Institute of America-New York","10036","-73.980644","40.757512","Not applicable, not in Carnegie universe (not accredited or nondegree-granting)","Under 1,000"
"191320","The General Theological Seminary","2014","The General Theological Seminary","10011","-74.003478","40.745656","Not applicable, special focus institution","Under 1,000"
"191339","Genesee Community College","2014","Genesee Community College","14020","-78.138024","43.016831","Medium two-year","5,000 - 9,999"
"191409","Gloria Francis School of Make-Up Artistry","2014","Gloria Francis School of Make-Up Artistry","11801-3873","-73.526670","40.764248","Not applicable, not in Carnegie universe (not accredited or nondegree-granting)","Under 1,000"
"191515","Hamilton College","2014","Hamilton College","13323","-75.408853","43.047809","Small four-year, highly residential","1,000 - 4,999"
"191533","Hartwick College","2014","Hartwick College","13820-4020","-75.073609","42.454023","Small four-year, highly residential","1,000 - 4,999"
"191597","Helene Fuld College of Nursing","2014","Helene Fuld College of Nursing","10035-2737","-73.943009","40.802506","Very small two-year","Under 1,000"
"191612","Herkimer County Community College","2014","Herkimer County Community College","13350-1598","-75.007367","43.032586","Medium two-year","1,000 - 4,999"
"191621","Hilbert College","2014","Hilbert College","14075-1597","-78.820290","42.755050","Very small four-year, primarily residential","1,000 - 4,999"
"191630","Hobart William Smith Colleges","2014","Hobart William Smith Colleges","14456","-76.984813","42.858562","Small four-year, highly residential","1,000 - 4,999"
"191649","Hofstra University","2014","Hofstra University","11549","-73.600780","40.715959","Large four-year, primarily residential","10,000 - 19,999"
"191676","Houghton College","2014","Houghton College","14744","-78.156882","42.426841","Small four-year, highly residential","1,000 - 4,999"
"191719","Hudson Valley Community College","2014","Hudson Valley Community College","12180","-73.682526","42.696462","Large two-year","10,000 - 19,999"
"191728","Hunter Business School","2014","Hunter Business School","11756-1375","-73.503403","40.727856","Not applicable, not in Carnegie universe (not accredited or nondegree-granting)","1,000 - 4,999"
"191764","Institute of Design and Construction","2014","Institute of Design and Construction","11201-5380","-73.983141","40.692209","Very small two-year","Under 1,000"
"191834","Institute of Audio Research","2014","Institute of Audio Research","10003","-73.993808","40.733027","Not applicable, not in Carnegie universe (not accredited or nondegree-granting)","Under 1,000"
"191931","Iona College","2014","Iona College","10801-1890","-73.785635","40.927107","Medium four-year, primarily residential","1,000 - 4,999"
"191940","Isabella Graham Hart School of Practical Nursing","2014","Isabella Graham Hart School of Practical Nursing","14617","-77.575701","43.201820","Not applicable, not in Carnegie universe (not accredited or nondegree-granting)","Under 1,000"
"191959","Island Drafting and Technical Institute","2014","Island Drafting and Technical Institute","11701-2704","-73.417123","40.675466","Very small two-year","Under 1,000"
"191968","Ithaca College","2014","Ithaca College","14850-7002","-76.495057","42.422640","Medium four-year, highly residential","5,000 - 9,999"
"191986","Jamestown Community College","2014","Jamestown Community College","14701","-79.218862","42.115628","Medium two-year","5,000 - 9,999"
"192004","Jamestown Business College","2014","Jamestown Business College","14701-4756","-79.249373","42.095118","Very small two-year","Under 1,000"
"192022","Jefferson Community College","2014","Jefferson Community College","13601-1897","-75.940004","43.987465","Medium two-year","1,000 - 4,999"
"192040","Jewish Theological Seminary of America","2014","Jewish Theological Seminary of America","10027-4649","-73.960287","40.811959","Not applicable, special focus institution","Under 1,000"
"192110","The Juilliard School","2014","The Juilliard School","10023-6588","-73.982913","40.773725","Not applicable, special focus institution","Under 1,000"
"192156","SBI Campus-An Affiliate of Sanford-Brown","2014","SBI Campus-An Affiliate of Sanford-Brown","11747","-73.412643","40.779377","Very small two-year","Under 1,000"
"192165","Kehilath Yakov Rabbinical Seminary","2014","Kehilath Yakov Rabbinical Seminary","10562","-73.810559","41.222686","Not applicable, special focus institution","Under 1,000"
"192192","Keuka College","2014","Keuka College","14478","-77.090518","42.615410","Small four-year, highly residential","1,000 - 4,999"
"192271","LIM College","2014","LIM College","10022-5268","-73.974911","40.759817","Not applicable, special focus institution","1,000 - 4,999"
"192323","Le Moyne College","2014","Le Moyne College","13214-1301","-76.088449","43.047316","Small four-year, highly residential","1,000 - 4,999"
"192439","LIU Brooklyn","2014","LIU Brooklyn","11201-8423","-73.980872","40.690134","Medium four-year, primarily nonresidential","5,000 - 9,999"
"192448","LIU Post","2014","LIU Post","11548-1327","-73.593279","40.820043","Medium four-year, primarily residential","5,000 - 9,999"
"192457","LIU-University Center Campus","2014","LIU-University Center Campus","11548-1327","-73.596956","40.820458","Not applicable, not in Carnegie universe (not accredited or nondegree-granting)","Not applicable"
"192484","Long Island Beauty School-Hempstead","2014","Long Island Beauty School-Hempstead","11550","-73.629414","40.707801","Not applicable, not in Carnegie universe (not accredited or nondegree-granting)","Under 1,000"
"192509","Long Island Business Institute","2014","Long Island Business Institute","11354-5577","-73.830131","40.760528","Very small two-year","Under 1,000"
"192554","LIU Hudson at Rockland","2014","LIU Hudson at Rockland","10962","-73.960412","41.044023","Not applicable, special focus institution","Under 1,000"
"192563","LIU Brentwood","2014","LIU Brentwood","11717","-73.287113","40.803845","Very small four-year, primarily nonresidential","Under 1,000"
"192624","Machzikei Hadath Rabbinical College","2014","Machzikei Hadath Rabbinical College","11204","-73.988435","40.628037","Not applicable, special focus institution","Under 1,000"
"192688","Mandl School-The College of Allied Health","2014","Mandl School-The College of Allied Health","10019-5516","-73.983749","40.764351","Small two-year","Under 1,000"
"192703","Manhattan College","2014","Manhattan College","10471-4098","-73.901893","40.889756","Medium four-year, highly residential","1,000 - 4,999"
"192712","Manhattan School of Music","2014","Manhattan School of Music","10027-4698","-73.961691","40.812341","Not applicable, special focus institution","Under 1,000"
"192749","Manhattanville College","2014","Manhattanville College","10577","-73.718316","41.031054","Small four-year, highly residential","1,000 - 4,999"
"192785","Maria College of Albany","2014","Maria College of Albany","12208","-73.805986","42.656506","Very small two-year","Under 1,000"
"192800","Marion S Whelan School of Nursing of Geneva General Hospital","2014","Marion S Whelan School of Nursing of Geneva General Hospital","14456-1651","-76.988008","42.877027","Not applicable, not in Carnegie universe (not accredited or nondegree-granting)","Under 1,000"
"192819","Marist College","2014","Marist College","12601","-73.934342","41.721955","Medium four-year, highly residential","5,000 - 9,999"
"192828","MarJon School of Beauty ltd-Tonawanda","2014","MarJon School of Beauty ltd-Tonawanda","14150","-78.823535","42.985580","Not applicable, not in Carnegie universe (not accredited or nondegree-granting)","Under 1,000"
"192864","Marymount Manhattan College","2014","Marymount Manhattan College","10021-4597","-73.959676","40.769108","Small four-year, primarily residential","1,000 - 4,999"
"192925","Medaille College","2014","Medaille College","14214-2695","-78.856569","42.928950","Small four-year, primarily nonresidential","1,000 - 4,999"
"192961","Memorial School of Nursing","2014","Memorial School of Nursing","12204","-73.750114","42.673642","Very small two-year","Under 1,000"
"192970","Memorial Hospital School of Radiation Therapy Technology","2014","Memorial Hospital School of Radiation Therapy Technology","10065","-73.955729","40.764766","Not applicable, not in Carnegie universe (not accredited or nondegree-granting)","Under 1,000"
"193016","Mercy College","2014","Mercy College","10522","-73.874571","41.021436","Medium four-year, primarily nonresidential","10,000 - 19,999"
"193052","Mesivta Torah Vodaath Rabbinical Seminary","2014","Mesivta Torah Vodaath Rabbinical Seminary","11218","-73.969494","40.638251","Not applicable, special focus institution","Under 1,000"
"193061","Mesivta of Eastern Parkway-Yeshiva Zichron Meilech","2014","Mesivta of Eastern Parkway-Yeshiva Zichron Meilech","11218","-73.979166","40.635169","Not applicable, special focus institution","Under 1,000"
"193070","Mesivtha Tifereth Jerusalem of America","2014","Mesivtha Tifereth Jerusalem of America","10002-6301","-73.991271","40.713812","Not applicable, special focus institution","Under 1,000"
"193122","Southern Westchester BOCES-Practical Nursing Program","2014","Southern Westchester BOCES-Practical Nursing Program","10528","-73.741091","40.974190","Not applicable, not in Carnegie universe (not accredited or nondegree-granting)","Under 1,000"
"193186","Midway Paris Beauty School","2014","Midway Paris Beauty School","11385","-73.909591","40.699612","Not applicable, not in Carnegie universe (not accredited or nondegree-granting)","Under 1,000"
"193201","Mildred Elley School-Albany Campus","2014","Mildred Elley School-Albany Campus","12206-1513","-73.790212","42.680260","Small two-year","Under 1,000"
"193247","Mirrer Yeshiva Cent Institute","2014","Mirrer Yeshiva Cent Institute","11223-2010","-73.966049","40.605043","Not applicable, special focus institution","Under 1,000"
"193265","Modern Welding School","2014","Modern Welding School","12304","-73.903373","42.779336","Not applicable, not in Carnegie universe (not accredited or nondegree-granting)","Under 1,000"
"193283","Mohawk Valley Community College","2014","Mohawk Valley Community College","13501-5394","-75.217197","43.077384","Large two-year","5,000 - 9,999"
"193292","Molloy College","2014","Molloy College","11571-5002","-73.626278","40.685970","Small four-year, primarily nonresidential","1,000 - 4,999"
"193308","Monroe College","2014","Monroe College","10468","-73.900501","40.864070","Medium four-year, primarily nonresidential","5,000 - 9,999"
"193326","Monroe Community College","2014","Monroe Community College","14623","-77.608488","43.101265","Very large two-year","10,000 - 19,999"
"193353","Mount Saint Mary College","2014","Mount Saint Mary College","12550","-74.012906","41.511212","Small four-year, primarily residential","1,000 - 4,999"
"193380","Montefiore School of Nursing","2014","Montefiore School of Nursing","10550","-73.840408","40.912046","Very small two-year","Under 1,000"
"193399","College of Mount Saint Vincent","2014","College of Mount Saint Vincent","10471-1093","-73.907019","40.912814","Small four-year, primarily residential","1,000 - 4,999"
"193405","Icahn School of Medicine at Mount Sinai","2014","Icahn School of Medicine at Mount Sinai","10029-6574","-73.953445","40.789801","Not applicable, special focus institution","1,000 - 4,999"
"193478","Nassau Community College","2014","Nassau Community College","11530-6793","-73.589397","40.730088","Very large two-year","20,000 and above"
"193584","Nazareth College","2014","Nazareth College","14618-3790","-77.514417","43.102406","Small four-year, highly residential","1,000 - 4,999"
"193609","Neighborhood Playhouse School of the Theater","2014","Neighborhood Playhouse School of the Theater","10022-5017","-73.965332","40.756613","Not applicable, not in Carnegie universe (not accredited or nondegree-granting)","Under 1,000"
"193645","The College of New Rochelle","2014","The College of New Rochelle","10805-2339","-73.781104","40.899427","Medium four-year, primarily residential","1,000 - 4,999"
"193654","The New School","2014","The New School","10011-8603","-73.994636","40.735275","Medium four-year, primarily residential","10,000 - 19,999"
"193672","New School of Radio and Television","2014","New School of Radio and Television","12206","-73.813731","42.685928","Not applicable, not in Carnegie universe (not accredited or nondegree-granting)","Under 1,000"
"193751","New York Chiropractic College","2014","New York Chiropractic College","13148-0800","-76.756232","42.911730","Not applicable, special focus institution","Under 1,000"
"193760","Star Career Academy-New York","2014","Star Career Academy-New York","10011-7307","-73.999551","40.738251","Not applicable, not in Carnegie universe (not accredited or nondegree-granting)","Under 1,000"
"193821","New York Law School","2014","New York Law School","10013-2921","-74.006394","40.717393","Not applicable, special focus institution","1,000 - 4,999"
"193830","New York Medical College","2014","New York Medical College","10595","-73.811241","41.084261","Not applicable, special focus institution","1,000 - 4,999"
"193858","New York School for Medical and Dental Assistants","2014","New York School for Medical and Dental Assistants","11101","-73.931391","40.744291","Not applicable, not in Carnegie universe (not accredited or nondegree-granting)","Under 1,000"
"193894","New York Theological Seminary","2014","New York Theological Seminary","10115","-73.963946","40.811197","Not applicable, not in Carnegie universe (not accredited or nondegree-granting)","Under 1,000"
"193900","New York University","2014","New York University","10012-1091","-73.997264","40.729452","Large four-year, highly residential","20,000 and above"
"193946","Niagara County Community College","2014","Niagara County Community College","14132","-78.877008","43.147025","Large two-year","5,000 - 9,999"
"193973","Niagara University","2014","Niagara University","14109","-79.046229","43.132713","Medium four-year, highly residential","1,000 - 4,999"
"193991","Empire Beauty School-Peekskill","2014","Empire Beauty School-Peekskill","10566","-73.919085","41.291013","Not applicable, not in Carnegie universe (not accredited or nondegree-granting)","Under 1,000"
"194028","North Country Community College","2014","North Country Community College","12983-0089","-74.119981","44.318645","Small two-year","1,000 - 4,999"
"194073","New York College of Podiatric Medicine","2014","New York College of Podiatric Medicine","10035-1940","-73.940306","40.804899","Not applicable, special focus institution","Under 1,000"
"194091","New York Institute of Technology","2014","New York Institute of Technology","11568-8000","-73.608885","40.814402","Medium four-year, primarily nonresidential","5,000 - 9,999"
"194116","New York School of Interior Design","2014","New York School of Interior Design","10021","-73.962404","40.768615","Not applicable, special focus institution","Under 1,000"
"194161","Nyack College","2014","Nyack College","10960-3698","-73.931106","41.086425","Small four-year, highly residential","1,000 - 4,999"
"194189","Ohr Hameir Theological Seminary","2014","Ohr Hameir Theological Seminary","10566","-73.889793","41.268725","Not applicable, special focus institution","Under 1,000"
"194222","Onondaga Community College","2014","Onondaga Community College","13215-4585","-76.196454","43.007418","Large two-year","10,000 - 19,999"
"194240","Orange County Community College","2014","Orange County Community College","10940","-74.426885","41.439476","Medium two-year","5,000 - 9,999"
"194259","Otsego Area BOCES-Practical Nursing Program","2014","Otsego Area BOCES-Practical Nursing Program","13820-1142","-75.064661","42.459600","Not applicable, not in Carnegie universe (not accredited or nondegree-granting)","Under 1,000"
"194310","Pace University-New York","2014","Pace University-New York","10038-1598","-74.004719","40.711014","Medium four-year, primarily residential","10,000 - 19,999"
"194392","Paul Smiths College of Arts and Science","2014","Paul Smiths College of Arts and Science","12970-0265","-74.253006","44.437366","Very small four-year, highly residential","Under 1,000"
"194435","Continental School of Beauty Culture-West Seneca","2014","Continental School of Beauty Culture-West Seneca","14224","-78.754766","42.828946","Not applicable, not in Carnegie universe (not accredited or nondegree-granting)","Under 1,000"
"194499","Plaza College","2014","Plaza College","11375","-73.831462","40.714838","Very small four-year, primarily nonresidential","Under 1,000"
"194541","Polytechnic Institute of New York University","2014","Polytechnic Institute of New York University","","-73.986774","40.694371","Medium four-year, primarily residential","1,000 - 4,999"
"194569","Davis College","2014","Davis College","13790-2712","-75.962421","42.101092","Not applicable, special focus institution","Under 1,000"
"194578","Pratt Institute-Main","2014","Pratt Institute-Main","11205","-73.962149","40.691154","Medium four-year, primarily residential","1,000 - 4,999"
"194611","Professional Business College","2014","Professional Business College","10013","-74.001811","40.718780","Small two-year","Under 1,000"
"194657","Rabbinical Academy Mesivta Rabbi Chaim Berlin","2014","Rabbinical Academy Mesivta Rabbi Chaim Berlin","11230","-73.963702","40.618467","Not applicable, special focus institution","Under 1,000"
"194666","Rabbinical College Bobover Yeshiva Bnei Zion","2014","Rabbinical College Bobover Yeshiva Bnei Zion","11219","-73.985440","40.631920","Not applicable, special focus institution","Under 1,000"
"194675","Rabbinical College of Ch'san Sofer New York","2014","Rabbinical College of Ch'san Sofer New York","11204","-73.979851","40.626507","Not applicable, special focus institution","Under 1,000"
"194693","Rabbinical College Beth Shraga","2014","Rabbinical College Beth Shraga","10952","-74.072771","41.114311","Not applicable, special focus institution","Under 1,000"
"194718","Rabbinical Seminary M'kor Chaim","2014","Rabbinical Seminary M'kor Chaim","11219","-73.989649","40.627942","Not applicable, special focus institution","Under 1,000"
"194736","Rabbinical College of Long Island","2014","Rabbinical College of Long Island","11561","-73.670034","40.586478","Not applicable, special focus institution","Under 1,000"
"194763","Rabbinical Seminary of America","2014","Rabbinical Seminary of America","11367","-73.817690","40.723250","Not applicable, special focus institution","Under 1,000"
"194824","Rensselaer Polytechnic Institute","2014","Rensselaer Polytechnic Institute","12180-3590","-73.678768","42.728983","Medium four-year, highly residential","5,000 - 9,999"
"194879","Ridley-Lowell Business & Technical Institute-Binghamton","2014","Ridley-Lowell Business & Technical Institute-Binghamton","13905-3190","-75.916926","42.099933","Not applicable, not in Carnegie universe (not accredited or nondegree-granting)","Under 1,000"
"194958","Roberts Wesleyan College","2014","Roberts Wesleyan College","14624","-77.798964","43.126747","Small four-year, highly residential","1,000 - 4,999"
"194967","Everest Institute-Rochester","2014","Everest Institute-Rochester","14621-3007","-77.585507","43.196170","Small two-year","Under 1,000"
"195003","Rochester Institute of Technology","2014","Rochester Institute of Technology","14623-5603","-77.675210","43.090325","Large four-year, highly residential","10,000 - 19,999"
"195030","University of Rochester","2014","University of Rochester","14627-0011","-77.631042","43.126437","Medium four-year, highly residential","10,000 - 19,999"
"195049","Rockefeller University","2014","Rockefeller University","10065-6399","-73.954912","40.762927","Exclusively graduate/professional","Under 1,000"
"195058","Rockland Community College","2014","Rockland Community College","10901-3699","-74.088169","41.133240","Large two-year","5,000 - 9,999"
"195067","Empire Beauty School-Manhattan","2014","Empire Beauty School-Manhattan","10001","-73.986453","40.748938","Not applicable, not in Carnegie universe (not accredited or nondegree-granting)","Under 1,000"
"195128","The Sage Colleges","2014","The Sage Colleges","12180","-73.693711","42.728210","Small four-year, primarily residential","1,000 - 4,999"
"195155","St Bernard's School of Theology and Ministry","2014","St Bernard's School of Theology and Ministry","14618","-77.526326","43.102185","Not applicable, special focus institution","Under 1,000"
"195164","St Bonaventure University","2014","St Bonaventure University","14778","-78.475860","42.078630","Small four-year, highly residential","1,000 - 4,999"
"195173","St Francis College","2014","St Francis College","11201-9902","-73.991653","40.693076","Small four-year, primarily nonresidential","1,000 - 4,999"
"195191","St Joseph's College of Nursing at St Joseph's Hospital Health Center","2014","St Joseph's College of Nursing at St Joseph's Hospital Health Center","13203","-76.148355","43.055355","Very small two-year","Under 1,000"
"195216","St Lawrence University","2014","St Lawrence University","13617","-75.161343","44.589879","Small four-year, highly residential","1,000 - 4,999"
"195234","The College of Saint Rose","2014","The College of Saint Rose","12203-1490","-73.786110","42.664664","Medium four-year, primarily residential","1,000 - 4,999"
"195243","St. Thomas Aquinas College","2014","St. Thomas Aquinas College","10976-1050","-73.934182","41.041126","Small four-year, primarily residential","1,000 - 4,999"
"195289","Samaritan Hospital School of Nursing","2014","Samaritan Hospital School of Nursing","12065","-73.671955","42.733091","Very small two-year","Under 1,000"
"195304","Sarah Lawrence College","2014","Sarah Lawrence College","10708","-73.843810","40.934147","Small four-year, highly residential","1,000 - 4,999"
"195322","Schenectady County Community College","2014","Schenectady County Community College","12305","-73.949266","42.815783","Medium two-year","5,000 - 9,999"
"195438","Sh'or Yoshuv Rabbinical College","2014","Sh'or Yoshuv Rabbinical College","11559-1714","-73.740366","40.605336","Not applicable, special focus institution","Under 1,000"
"195474","Siena College","2014","Siena College","12211-1462","-73.751530","42.718586","Medium four-year, highly residential","1,000 - 4,999"
"195492","Simmons Institute of Funeral Service Inc","2014","Simmons Institute of Funeral Service Inc","","-76.160327","43.019909","Very small two-year","Under 1,000"
"195526","Skidmore College","2014","Skidmore College","12866","-73.785108","43.092696","Small four-year, highly residential","1,000 - 4,999"
"195544","Saint Joseph's College-New York","2014","Saint Joseph's College-New York","11205-3688","-73.968037","40.690485","Small four-year, primarily nonresidential","1,000 - 4,999"
"195580","Saint Vladimirs Orthodox Theological Seminary","2014","Saint Vladimirs Orthodox Theological Seminary","10707-1699","-73.823320","40.971362","Not applicable, special focus institution","Under 1,000"
"195623","Spanish-American Institute","2014","Spanish-American Institute","10036-3913","-73.987356","40.757277","Not applicable, not in Carnegie universe (not accredited or nondegree-granting)","Under 1,000"
"195687","Saint Elizabeth College of Nursing","2014","Saint Elizabeth College of Nursing","13501","-75.267492","43.083457","Very small two-year","Under 1,000"
"195702","Saint Elizabeth College of Nursing","2014","Saint Elizabeth College of Nursing","13501","-75.268430","43.082977","Not applicable, not in Carnegie universe (not accredited or nondegree-granting)","Under 1,000"
"195720","Saint John Fisher College","2014","Saint John Fisher College","14618-3597","-77.516979","43.117064","Medium four-year, primarily residential","1,000 - 4,999"
"195784","St Paul's School of Nursing-Staten Island","2014","St Paul's School of Nursing-Staten Island","10311","-74.177228","40.605338","Very small two-year","Under 1,000"
"195793","St James Mercy Hospital School of Radiologic Science","2014","St James Mercy Hospital School of Radiologic Science","14843-2197","-77.660564","42.313847","Not applicable, not in Carnegie universe (not accredited or nondegree-granting)","Under 1,000"
"195809","St John's University-New York","2014","St John's University-New York","11439","-73.795301","40.721979","Large four-year, primarily residential","20,000 and above"
"195827","SUNY-System Office","2014","SUNY-System Office","12246","-73.749737","42.647976","Not applicable, not in Carnegie universe (not accredited or nondegree-granting)","Not applicable"
"195845","New York Career Institute","2014","New York Career Institute","10007","-74.008316","40.713178","Small two-year","Under 1,000"
"195933","Branford Hall Career Institute-Bohemia Campus","2014","Branford Hall Career Institute-Bohemia Campus","11716","-73.093869","40.777825","Not applicable, not in Carnegie universe (not accredited or nondegree-granting)","Under 1,000"
"195988","Sullivan County Community College","2014","Sullivan County Community College","12759-5151","-74.668376","41.764174","Small two-year","1,000 - 4,999"
"196006","SUNY College of Technology at Alfred","2014","SUNY College of Technology at Alfred","14802","-77.791057","42.258745","Medium four-year, highly residential","1,000 - 4,999"
"196015","SUNY College of Technology at Canton","2014","SUNY College of Technology at Canton","13617-1098","-75.185005","44.607346","Small four-year, primarily residential","1,000 - 4,999"
"196024","SUNY College of Technology at Delhi","2014","SUNY College of Technology at Delhi","13753-1100","-74.924225","42.270129","Small four-year, highly residential","1,000 - 4,999"
"196033","SUNY College of Agriculture and Technology at Cobleskill","2014","SUNY College of Agriculture and Technology at Cobleskill","12043","-74.504897","42.661622","Small four-year, highly residential","1,000 - 4,999"
"196042","Farmingdale State College","2014","Farmingdale State College","11735-1021","-73.426371","40.754080","Medium four-year, primarily nonresidential","5,000 - 9,999"
"196051","Morrisville State College","2014","Morrisville State College","13408","-75.645128","42.894342","Medium four-year, highly residential","1,000 - 4,999"
"196060","SUNY at Albany","2014","SUNY at Albany","12222","-73.825014","42.686917","Large four-year, highly residential","10,000 - 19,999"
"196079","SUNY at Binghamton","2014","SUNY at Binghamton","13850-6000","-75.971143","42.088049","Large four-year, highly residential","10,000 - 19,999"
"196088","University at Buffalo","2014","University at Buffalo","14260-1660","-78.790103","43.001433","Large four-year, primarily residential","20,000 and above"
"196097","Stony Brook University","2014","Stony Brook University","11794","-73.123595","40.913138","Large four-year, highly residential","20,000 and above"
"196103","SUNY College of Environmental Science and Forestry","2014","SUNY College of Environmental Science and Forestry","13210","-76.139236","43.034355","Small four-year, primarily residential","1,000 - 4,999"
"196112","SUNY Institute of Technology at Utica-Rome","2014","SUNY Institute of Technology at Utica-Rome","13502","-75.229200","43.135280","Small four-year, primarily nonresidential","1,000 - 4,999"
"196121","SUNY College at Brockport","2014","SUNY College at Brockport","14420-2919","-77.949824","43.209862","Medium four-year, primarily residential","5,000 - 9,999"
"196130","SUNY Buffalo State","2014","SUNY Buffalo State","14222","-78.880670","42.934199","Large four-year, primarily residential","10,000 - 19,999"
"196149","SUNY College at Cortland","2014","SUNY College at Cortland","13045-0900","-76.197909","42.590158","Medium four-year, primarily residential","5,000 - 9,999"
"196158","SUNY at Fredonia","2014","SUNY at Fredonia","14063-1136","-79.336109","42.450961","Medium four-year, highly residential","5,000 - 9,999"
"196167","SUNY College at Geneseo","2014","SUNY College at Geneseo","14454-1465","-77.821999","42.796864","Medium four-year, highly residential","5,000 - 9,999"
"196176","State University of New York at New Paltz","2014","State University of New York at New Paltz","12561-2443","-74.088727","41.737205","Medium four-year, primarily residential","5,000 - 9,999"
"196185","SUNY Oneonta","2014","SUNY Oneonta","13820-4015","-75.064186","42.466555","Medium four-year, highly residential","5,000 - 9,999"
"196194","SUNY College at Oswego","2014","SUNY College at Oswego","13126","-76.543885","43.453047","Medium four-year, highly residential","5,000 - 9,999"
"196200","SUNY College at Potsdam","2014","SUNY College at Potsdam","13676-2294","-74.976889","44.662862","Medium four-year, primarily residential","1,000 - 4,999"
"196219","SUNY at Purchase College","2014","SUNY at Purchase College","10577-1400","-73.700127","41.047092","Medium four-year, highly residential","1,000 - 4,999"
"196228","SUNY College of Optometry","2014","SUNY College of Optometry","10036-8003","-73.982236","40.754465","Not applicable, special focus institution","Under 1,000"
"196237","SUNY College at Old Westbury","2014","SUNY College at Old Westbury","11568-0210","-73.570966","40.789842","Medium four-year, primarily residential","1,000 - 4,999"
"196246","SUNY College at Plattsburgh","2014","SUNY College at Plattsburgh","12901-2681","-73.467342","44.691103","Medium four-year, primarily residential","5,000 - 9,999"
"196255","SUNY Downstate Medical Center","2014","SUNY Downstate Medical Center","11203-2098","-73.943827","40.655283","Not applicable, special focus institution","1,000 - 4,999"
"196264","SUNY Empire State College","2014","SUNY Empire State College","12866-4391","-73.779915","43.078304","Medium four-year, primarily nonresidential","10,000 - 19,999"
"196291","SUNY Maritime College","2014","SUNY Maritime College","10465-4198","-73.800336","40.809048","Small four-year, highly residential","1,000 - 4,999"
"196307","Upstate Medical University","2014","Upstate Medical University","13210","-76.138976","43.042951","Not applicable, special focus institution","1,000 - 4,999"
"196389","Swedish Institute a College of Health Sciences","2014","Swedish Institute a College of Health Sciences","10001-6700","-73.995670","40.746384","Not applicable, special focus institution","Under 1,000"
"196413","Syracuse University","2014","Syracuse University","13244","-76.136738","43.040525","Large four-year, highly residential","20,000 and above"
"196431","Talmudical Seminary Oholei Torah","2014","Talmudical Seminary Oholei Torah","11213","-73.972235","40.635963","Not applicable, special focus institution","Under 1,000"
"196440","Talmudical Institute of Upstate New York","2014","Talmudical Institute of Upstate New York","14607","-77.574943","43.147062","Not applicable, special focus institution","Under 1,000"
"196468","Teachers College at Columbia University","2014","Teachers College at Columbia University","10027","-73.960399","40.810311","Exclusively graduate/professional","5,000 - 9,999"
"196477","Technical Career Institutes","2014","Technical Career Institutes","10001","-73.996048","40.750572","Medium two-year","1,000 - 4,999"
"196565","Tompkins Cortland Community College","2014","Tompkins Cortland Community College","13053-0139","-76.287586","42.502006","Medium two-year","5,000 - 9,999"
"196583","Torah Temimah Talmudical Seminary","2014","Torah Temimah Talmudical Seminary","11218","-73.971973","40.635509","Not applicable, special focus institution","Under 1,000"
"196592","Touro College","2014","Touro College","10010","-73.989932","40.742172","Large four-year, primarily nonresidential","10,000 - 19,999"
"196653","Trocaire College","2014","Trocaire College","14220-2094","-78.812637","42.846625","Small two-year","1,000 - 4,999"
"196680","Excelsior College","2014","Excelsior College","12203-5159","-73.862204","42.704887","Large four-year, primarily nonresidential","20,000 and above"
"196699","Ulster County Community College","2014","Ulster County Community College","12484","-74.129983","41.855225","Medium two-year","1,000 - 4,999"
"196857","Sanford-Brown Institute-New York","2014","Sanford-Brown Institute-New York","10003","-73.987865","40.735309","Not applicable, not in Carnegie universe (not accredited or nondegree-granting)","1,000 - 4,999"
"196866","Union College","2014","Union College","12308-2311","-73.928498","42.817578","Small four-year, highly residential","1,000 - 4,999"
"196884","Union Theological Seminary in the City of New York","2014","Union Theological Seminary in the City of New York","10027-5792","-73.962120","40.811461","Not applicable, special focus institution","Under 1,000"
"197018","United Talmudical Seminary","2014","United Talmudical Seminary","11211","-73.959161","40.705700","Not applicable, special focus institution","1,000 - 4,999"
"197027","United States Merchant Marine Academy","2014","United States Merchant Marine Academy","11024-1699","-73.762534","40.812154","Very small four-year, highly residential","Under 1,000"
"197036","United States Military Academy","2014","United States Military Academy","10996-1905","-73.956804","41.390882","Medium four-year, highly residential","1,000 - 4,999"
"197045","Utica College","2014","Utica College","13502-4892","-75.272407","43.095183","Small four-year, primarily residential","1,000 - 4,999"
"197081","Utica School of Commerce","2014","Utica School of Commerce","13501","-75.228627","43.101764","Very small two-year","Under 1,000"
"197133","Vassar College","2014","Vassar College","12604","-73.894345","41.685105","Small four-year, highly residential","1,000 - 4,999"
"197142","Villa Maria College","2014","Villa Maria College","14225-3999","-78.795666","42.913045","Very small two-year","Under 1,000"
"197151","School of Visual Arts","2014","School of Visual Arts","10010","-73.982240","40.738742","Not applicable, special focus institution","1,000 - 4,999"
"197197","Wagner College","2014","Wagner College","10301-4495","-74.095730","40.615003","Small four-year, highly residential","1,000 - 4,999"
"197221","Webb Institute","2014","Webb Institute","11542-1398","-73.644838","40.884352","Not applicable, special focus institution","Under 1,000"
"197230","Wells College","2014","Wells College","13026-0500","-76.696512","42.744314","Very small four-year, highly residential","Under 1,000"
"197285","The College of Westchester","2014","The College of Westchester","10606-1200","-73.784404","41.033687","Small two-year","1,000 - 4,999"
"197294","SUNY Westchester Community College","2014","SUNY Westchester Community College","10595","-73.788140","41.067170","Large two-year","10,000 - 19,999"
"197337","Westchester School of Beauty Culture","2014","Westchester School of Beauty Culture","10550-2295","-73.837751","40.912476","Not applicable, not in Carnegie universe (not accredited or nondegree-granting)","Under 1,000"
"197522","Wood Tobe-Coburn School","2014","Wood Tobe-Coburn School","10016-0190","-73.981291","40.751775","Small two-year","Under 1,000"
"197531","Word of Life Bible Institute","2014","Word of Life Bible Institute","12860-0129","-73.809237","43.731024","Not applicable, not in Carnegie universe (not accredited or nondegree-granting)","Under 1,000"
"197601","Yeshiva Karlin Stolin","2014","Yeshiva Karlin Stolin","11204-1545","-73.983373","40.624918","Not applicable, special focus institution","Under 1,000"
"197610","Yeshivat Mikdash Melech","2014","Yeshivat Mikdash Melech","11230-9963","-73.969614","40.616427","Not applicable, special focus institution","Under 1,000"
"197647","Yeshiva Derech Chaim","2014","Yeshiva Derech Chaim","11218-4413","-73.979757","40.636889","Not applicable, special focus institution","Under 1,000"
"197674","Yeshiva of Nitra Rabbinical College","2014","Yeshiva of Nitra Rabbinical College","10549","-73.728423","41.220850","Not applicable, special focus institution","Under 1,000"
"197692","Yeshiva Shaar Hatorah","2014","Yeshiva Shaar Hatorah","11418","-73.834300","40.703857","Not applicable, special focus institution","Under 1,000"
"197708","Yeshiva University","2014","Yeshiva University","10033-3299","-73.928541","40.850800","Medium four-year, highly residential","5,000 - 9,999"
"197735","Yeshivath Viznitz","2014","Yeshivath Viznitz","10952","-74.066431","41.118499","Not applicable, special focus institution","Under 1,000"
"197744","Yeshivath Zichron Moshe","2014","Yeshivath Zichron Moshe","12779","-74.621118","41.730939","Not applicable, special focus institution","Under 1,000"
"203067","Hebrew Union College-Jewish Institute of Religion","2014","Hebrew Union College-Jewish Institute of Religion","10012-1186","-73.994499","40.728938","Not applicable, special focus institution","Under 1,000"
"245731","Yeshiva and Kollel Harbotzas Torah","2014","Yeshiva and Kollel Harbotzas Torah","11230","-73.960994","40.624029","Not applicable, special focus institution","Under 1,000"
"245777","Bais Medrash Elyon","2014","Bais Medrash Elyon","10952","-74.069230","41.113974","Not applicable, special focus institution","Under 1,000"
"246789","Unification Theological Seminary","2014","Unification Theological Seminary","12507","-73.922774","42.005744","Not applicable, special focus institution","Under 1,000"
"364326","Sanford-Brown Institute-White Plains","2014","Sanford-Brown Institute-White Plains","10604-2910","-73.745206","41.027865","Not applicable, not in Carnegie universe (not accredited or nondegree-granting)","Under 1,000"
"364335","Sanford-Brown Institute-Garden City","2014","Sanford-Brown Institute-Garden City","11530","-73.608238","40.733453","Not applicable, not in Carnegie universe (not accredited or nondegree-granting)","Under 1,000"
"364964","Oswego County BOCES","2014","Oswego County BOCES","13114","-76.259308","43.457841","Not applicable, not in Carnegie universe (not accredited or nondegree-granting)","Under 1,000"
"365055","The Art Institute of New York City","2014","The Art Institute of New York City","10018","-73.988484","40.754975","Small two-year","Under 1,000"
"366368","New York Academy of Art","2014","New York Academy of Art","10013-2911","-74.006019","40.718388","Not applicable, special focus institution","Under 1,000"
"366395","Suffolk County Community College","2014","Suffolk County Community College","11784-2899","-73.056165","40.848963","Very large two-year","20,000 and above"
"367334","National Tractor Trailer School Inc-Liverpool","2014","National Tractor Trailer School Inc-Liverpool","13088-0208","-76.195097","43.142480","Not applicable, not in Carnegie universe (not accredited or nondegree-granting)","Under 1,000"
"374927","Beauty School of Middletown","2014","Beauty School of Middletown","10940","-74.428691","41.424550","Not applicable, not in Carnegie universe (not accredited or nondegree-granting)","Under 1,000"
"374972","Bryant & Stratton College-Southtowns","2014","Bryant & Stratton College-Southtowns","14127","-78.770366","42.790182","Small four-year, primarily nonresidential","Under 1,000"
"374990","Continental School of Beauty Culture-Olean","2014","Continental School of Beauty Culture-Olean","14760","-78.430287","42.086025","Not applicable, not in Carnegie universe (not accredited or nondegree-granting)","Under 1,000"
"375106","National Tractor Trailer School Inc-Buffalo","2014","National Tractor Trailer School Inc-Buffalo","14210-2007","-78.857766","42.865334","Not applicable, not in Carnegie universe (not accredited or nondegree-granting)","Under 1,000"
"375230","Yeshiva Gedolah Imrei Yosef D'spinka","2014","Yeshiva Gedolah Imrei Yosef D'spinka","11219","-73.992774","40.628855","Not applicable, special focus institution","Under 1,000"
"379621","Madison Oneida BOCES-Practical Nursing Program","2014","Madison Oneida BOCES-Practical Nursing Program","13478-0168","-75.560330","43.140820","Not applicable, not in Carnegie universe (not accredited or nondegree-granting)","Under 1,000"
"383297","Long Island Beauty School-Hauppauge","2014","Long Island Beauty School-Hauppauge","11788","-73.201722","40.827293","Not applicable, not in Carnegie universe (not accredited or nondegree-granting)","Under 1,000"
"383507","Dance Theatre of Harlem Inc","2014","Dance Theatre of Harlem Inc","10031-1896","-73.943833","40.829191","Not applicable, not in Carnegie universe (not accredited or nondegree-granting)","Under 1,000"
"383525","Erie 2 Chautauqua Cattaraugus BOCES-Practical Nursing Program","2014","Erie 2 Chautauqua Cattaraugus BOCES-Practical Nursing Program","14006","-79.040253","42.648295","Not applicable, not in Carnegie universe (not accredited or nondegree-granting)","Under 1,000"
"383765","Empire Beauty School-Brooklyn","2014","Empire Beauty School-Brooklyn","11214","-73.989884","40.599279","Not applicable, not in Carnegie universe (not accredited or nondegree-granting)","Under 1,000"
"386153","Seminar L'moros Bais Yaakov","2014","Seminar L'moros Bais Yaakov","11219","-73.985467","40.634807","Not applicable, not in Carnegie universe (not accredited or nondegree-granting)","Under 1,000"
"391333","Rensselaer BOCES-Practical Nursing Program","2014","Rensselaer BOCES-Practical Nursing Program","12180","-73.673181","42.702142","Not applicable, not in Carnegie universe (not accredited or nondegree-granting)","Under 1,000"
"392354","School of Professional Horticulture at the New York Botanical Garden","2014","School of Professional Horticulture at the New York Botanical Garden","10458-5126","-73.880720","40.866789","Not applicable, not in Carnegie universe (not accredited or nondegree-granting)","Under 1,000"
"404994","ASA College","2014","ASA College","11201-9805","-73.986027","40.692405","Medium two-year","1,000 - 4,999"
"405058","Yeshivas Novominsk","2014","Yeshivas Novominsk","11204","-73.989901","40.623611","Not applicable, special focus institution","Under 1,000"
"405854","Rabbinical College of Ohr Shimon Yisroel","2014","Rabbinical College of Ohr Shimon Yisroel","11211","-73.956537","40.704205","Not applicable, special focus institution","Under 1,000"
"406325","Schuyler Steuben Chemung Tioga Allegany BOCES","2014","Schuyler Steuben Chemung Tioga Allegany BOCES","14903","-77.136244","42.192208","Not applicable, not in Carnegie universe (not accredited or nondegree-granting)","Under 1,000"
"406361","Delaware Chenango Madison Otsego BOCES-Practical Nursing Program","2014","Delaware Chenango Madison Otsego BOCES-Practical Nursing Program","13815-3554","-75.521879","42.585469","Not applicable, not in Carnegie universe (not accredited or nondegree-granting)","Under 1,000"
"407434","Orlo School of Hair Design and Cosmetology","2014","Orlo School of Hair Design and Cosmetology","12206","-73.784313","42.673789","Not applicable, not in Carnegie universe (not accredited or nondegree-granting)","Under 1,000"
"410496","Bryant & Stratton College-Henrietta","2014","Bryant & Stratton College-Henrietta","14623","-77.599568","43.085881","Very small two-year","Under 1,000"
"412544","Shear Ego International School of Hair Design","2014","Shear Ego International School of Hair Design","14617","-77.602691","43.210830","Not applicable, not in Carnegie universe (not accredited or nondegree-granting)","Under 1,000"
"414595","Pacific College of Oriental Medicine-New York","2014","Pacific College of Oriental Medicine-New York","10038","-74.006731","40.708760","Not applicable, special focus institution","Under 1,000"
"415987","Allen School-Jamaica","2014","Allen School-Jamaica","11432","-73.796295","40.704694","Not applicable, not in Carnegie universe (not accredited or nondegree-granting)","Under 1,000"
"417868","Clinton Essex Warren Washington BOCES","2014","Clinton Essex Warren Washington BOCES","12901-0455","-73.469937","44.700095","Not applicable, not in Carnegie universe (not accredited or nondegree-granting)","Under 1,000"
"417886","Jefferson Lewis BOCES-Practical Nursing Program","2014","Jefferson Lewis BOCES-Practical Nursing Program","13601-9509","-75.971274","43.970186","Not applicable, not in Carnegie universe (not accredited or nondegree-granting)","Under 1,000"
"417901","Rochester General Hospital Clinical Laboratory Technology Program","2014","Rochester General Hospital Clinical Laboratory Technology Program","14621","-77.586912","43.192352","Not applicable, not in Carnegie universe (not accredited or nondegree-granting)","Under 1,000"
"417910","Veeb Nassau County School of Practical Nursing","2014","Veeb Nassau County School of Practical Nursing","11801-4302","-73.520022","40.766678","Not applicable, not in Carnegie universe (not accredited or nondegree-granting)","Under 1,000"
"417947","Syracuse City Schools Practical Nursing Program","2014","Syracuse City Schools Practical Nursing Program","13202","-76.144277","43.047991","Not applicable, not in Carnegie universe (not accredited or nondegree-granting)","Under 1,000"
"417983","Cattaraugus Allegany BOCES-Practical Nursing Program","2014","Cattaraugus Allegany BOCES-Practical Nursing Program","14760","-78.405395","42.093196","Not applicable, not in Carnegie universe (not accredited or nondegree-granting)","Under 1,000"
"417992","Orange Ulster BOCES-Practical Nursing Program","2014","Orange Ulster BOCES-Practical Nursing Program","10924","-74.323913","41.391072","Not applicable, not in Carnegie universe (not accredited or nondegree-granting)","Under 1,000"
"418001","Wayne Finger Lakes BOCES-Practical Nursing Program","2014","Wayne Finger Lakes BOCES-Practical Nursing Program","14513-1863","-77.083344","43.041349","Not applicable, not in Carnegie universe (not accredited or nondegree-granting)","Under 1,000"
"418010","Broome Delaware Tioga BOCES-Practical Nursing Program","2014","Broome Delaware Tioga BOCES-Practical Nursing Program","13905","-75.934739","42.129648","Not applicable, not in Carnegie universe (not accredited or nondegree-granting)","Under 1,000"
"418029","Washington Saratoga Warren Hamilton Essex BOCES-Practical Nursing Program","2014","Washington Saratoga Warren Hamilton Essex BOCES-Practical Nursing Program","12839","-73.592943","43.318915","Not applicable, not in Carnegie universe (not accredited or nondegree-granting)","Under 1,000"
"418038","Albany BOCES-Adult Practical Nursing Program","2014","Albany BOCES-Adult Practical Nursing Program","12205","-73.836922","42.743110","Not applicable, not in Carnegie universe (not accredited or nondegree-granting)","Under 1,000"
"418056","Ulster BOCES School of Practical Nursing","2014","Ulster BOCES School of Practical Nursing","12466","-73.976438","41.905936","Not applicable, not in Carnegie universe (not accredited or nondegree-granting)","Under 1,000"
"418065","Eastern Suffolk BOCES-Practical Nursing Program","2014","Eastern Suffolk BOCES-Practical Nursing Program","11772","-73.008330","40.780472","Not applicable, not in Carnegie universe (not accredited or nondegree-granting)","Under 1,000"
"418083","Rockland County BOCES-Practical Nursing Program","2014","Rockland County BOCES-Practical Nursing Program","10994","-73.977376","41.120977","Not applicable, not in Carnegie universe (not accredited or nondegree-granting)","Under 1,000"
"418126","New York College of Health Professions","2014","New York College of Health Professions","11791-4413","-73.517755","40.807605","Not applicable, special focus institution","Under 1,000"
"418171","Charles Stuart School of Diamond Setting","2014","Charles Stuart School of Diamond Setting","11229","-73.958876","40.608355","Not applicable, not in Carnegie universe (not accredited or nondegree-granting)","Under 1,000"
"419314","Adirondack Beauty School","2014","Adirondack Beauty School","12801-0000","-73.630352","43.317954","Not applicable, not in Carnegie universe (not accredited or nondegree-granting)","Under 1,000"
"420325","Yeshiva D'monsey Rabbinical College","2014","Yeshiva D'monsey Rabbinical College","10952","-74.065944","41.115776","Not applicable, special focus institution","Under 1,000"
"420404","ITT Technical Institute-Getzville","2014","ITT Technical Institute-Getzville","14068-0327","-78.770457","43.012044","Small two-year","Under 1,000"
"420468","Western Suffolk BOCES","2014","Western Suffolk BOCES","11768","-73.375381","40.704982","Not applicable, not in Carnegie universe (not accredited or nondegree-granting)","Under 1,000"
"420981","Manhattan School of Computer Technology","2014","Manhattan School of Computer Technology","11230-1401","-73.967148","40.634492","Not applicable, not in Carnegie universe (not accredited or nondegree-granting)","Under 1,000"
"421841","New York Conservatory for Dramatic Arts","2014","New York Conservatory for Dramatic Arts","10011-4225","-73.993388","40.740148","Not applicable, not in Carnegie universe (not accredited or nondegree-granting)","Under 1,000"
"427308","Merkaz Bnos-Business School","2014","Merkaz Bnos-Business School","11214","-73.997124","40.601426","Not applicable, not in Carnegie universe (not accredited or nondegree-granting)","Under 1,000"
"427335","Lia Schorr Institute of Cosmetic Skin Care Training","2014","Lia Schorr Institute of Cosmetic Skin Care Training","10022-2614","-73.969644","40.760598","Not applicable, not in Carnegie universe (not accredited or nondegree-granting)","Under 1,000"
"430564","Studio Jewelers","2014","Studio Jewelers","10016-4112","-73.983774","40.745464","Not applicable, not in Carnegie universe (not accredited or nondegree-granting)","Under 1,000"
"430883","Cayuga Onondaga BOCES-Practical Nursing Program","2014","Cayuga Onondaga BOCES-Practical Nursing Program","13021","-76.616897","42.917744","Not applicable, not in Carnegie universe (not accredited or nondegree-granting)","Under 1,000"
"431071","New York Institute of Massage Inc","2014","New York Institute of Massage Inc","14221","-78.696761","42.974993","Not applicable, not in Carnegie universe (not accredited or nondegree-granting)","Under 1,000"
"431105","Dutchess BOCES-Practical Nursing Program","2014","Dutchess BOCES-Practical Nursing Program","12601-6599","-73.866586","41.742609","Not applicable, not in Carnegie universe (not accredited or nondegree-granting)","Under 1,000"
"431196","Genesee Valley BOCES-Practical Nursing Program","2014","Genesee Valley BOCES-Practical Nursing Program","14020","-78.182909","43.014665","Not applicable, not in Carnegie universe (not accredited or nondegree-granting)","Under 1,000"
"431202","Hamilton Fulton Montgomery BOCES-Practical Nursing Program","2014","Hamilton Fulton Montgomery BOCES-Practical Nursing Program","12095","-74.298686","42.984198","Not applicable, not in Carnegie universe (not accredited or nondegree-granting)","Under 1,000"
"431275","Herkimer County BOCES-Practical Nursing Program","2014","Herkimer County BOCES-Practical Nursing Program","13357","-75.031269","43.015591","Not applicable, not in Carnegie universe (not accredited or nondegree-granting)","Under 1,000"
"431770","Putnam Westchester BOCES-Practical Nursing Program","2014","Putnam Westchester BOCES-Practical Nursing Program","10598-4399","-73.765536","41.278181","Not applicable, not in Carnegie universe (not accredited or nondegree-granting)","Under 1,000"
"431877","Sullivan County BOCES-Practical Nursing Program","2014","Sullivan County BOCES-Practical Nursing Program","12754","-74.778741","41.788239","Not applicable, not in Carnegie universe (not accredited or nondegree-granting)","Under 1,000"
"431983","Yeshiva of the Telshe Alumni","2014","Yeshiva of the Telshe Alumni","10471","-73.911096","40.896668","Not applicable, special focus institution","Under 1,000"
"432357","LIU Hudson at Westchester","2014","LIU Hudson at Westchester","10577","-73.695719","41.038830","Not applicable, special focus institution","Under 1,000"
"434566","ITT Technical Institute-Albany","2014","ITT Technical Institute-Albany","12205","-73.820134","42.736379","Very small two-year","Under 1,000"
"434575","ITT Technical Institute-Liverpool","2014","ITT Technical Institute-Liverpool","13088-6651","-76.174322","43.081300","Very small two-year","Under 1,000"
"436012","Franklin Career Institute","2014","Franklin Career Institute","11550-3003","-73.627681","40.708670","Not applicable, not in Carnegie universe (not accredited or nondegree-granting)","Under 1,000"
"437529","Star Career Academy-Syosset","2014","Star Career Academy-Syosset","11791-5311","-73.519957","40.805326","Not applicable, not in Carnegie universe (not accredited or nondegree-granting)","Under 1,000"
"438267","Ridley-Lowell Business & Technical Institute-Poughkeepsie","2014","Ridley-Lowell Business & Technical Institute-Poughkeepsie","12601","-73.923961","41.700589","Not applicable, not in Carnegie universe (not accredited or nondegree-granting)","Under 1,000"
"439622","Erie 1 BOCES","2014","Erie 1 BOCES","14224","-78.786420","42.851567","Not applicable, not in Carnegie universe (not accredited or nondegree-granting)","Under 1,000"
"439783","New York College of Traditional Chinese Medicine","2014","New York College of Traditional Chinese Medicine","11501","-73.638257","40.742666","Not applicable, special focus institution","Under 1,000"
"439817","Northeastern Seminary","2014","Northeastern Seminary","14624","-77.797762","43.126250","Not applicable, special focus institution","Under 1,000"
"440262","New York Automotive and Diesel Institute","2014","New York Automotive and Diesel Institute","11433-1433","-73.781177","40.705278","Not applicable, not in Carnegie universe (not accredited or nondegree-granting)","Under 1,000"
"440730","Onondaga Cortland Madison BOCES","2014","Onondaga Cortland Madison BOCES","13090","-76.203875","43.115889","Not applicable, not in Carnegie universe (not accredited or nondegree-granting)","Under 1,000"
"441575","Metropolitan Learning Institute","2014","Metropolitan Learning Institute","11374","-73.862296","40.730459","Not applicable, not in Carnegie universe (not accredited or nondegree-granting)","Under 1,000"
"441593","Orleans Niagara BOCES-Practical Nursing Program","2014","Orleans Niagara BOCES-Practical Nursing Program","14132","-78.866537","43.146060","Not applicable, not in Carnegie universe (not accredited or nondegree-granting)","Under 1,000"
"441609","Yeshiva Shaarei Torah of Rockland","2014","Yeshiva Shaarei Torah of Rockland","10901","-74.089939","41.123903","Not applicable, special focus institution","Under 1,000"
"441618","Leon Studio One School of Hair Design","2014","Leon Studio One School of Hair Design","14221","-78.758098","42.960266","Not applicable, not in Carnegie universe (not accredited or nondegree-granting)","Under 1,000"
"441627","St Joseph's Medical Center School of Radiography","2014","St Joseph's Medical Center School of Radiography","10701","-73.897524","40.929512","Not applicable, not in Carnegie universe (not accredited or nondegree-granting)","Under 1,000"
"444413","Beis Medrash Heichal Dovid","2014","Beis Medrash Heichal Dovid","11691","-73.751509","40.596827","Not applicable, special focus institution","Under 1,000"
"446604","Uta Mesivta of Kiryas Joel","2014","Uta Mesivta of Kiryas Joel","10950","-74.161131","41.335545","Not applicable, special focus institution","1,000 - 4,999"
"446932","Union Graduate College","2014","Union Graduate College","12308","-73.928380","42.816692","Exclusively graduate/professional","Under 1,000"
"447430","Carsten Institute of Cosmetology","2014","Carsten Institute of Cosmetology","10003","-73.990950","40.737257","Not applicable, not in Carnegie universe (not accredited or nondegree-granting)","Under 1,000"
"448053","Elite Academy of Beauty Arts","2014","Elite Academy of Beauty Arts","11223","-73.974527","40.604240","Not applicable, not in Carnegie universe (not accredited or nondegree-granting)","Under 1,000"
"448071","Aveda Institute-New York","2014","Aveda Institute-New York","10013","-74.004832","40.725813","Not applicable, not in Carnegie universe (not accredited or nondegree-granting)","Under 1,000"
"448974","Branford Hall Career Institute-Albany Campus","2014","Branford Hall Career Institute-Albany Campus","12205","-73.840480","42.743118","Not applicable, not in Carnegie universe (not accredited or nondegree-granting)","Under 1,000"
"449311","Brittany Beauty School","2014","Brittany Beauty School","10458","-73.897254","40.860986","Not applicable, not in Carnegie universe (not accredited or nondegree-granting)","Under 1,000"
"449320","Lincoln Technical Institute-Whitestone","2014","Lincoln Technical Institute-Whitestone","11357","-73.828850","40.784113","Not applicable, not in Carnegie universe (not accredited or nondegree-granting)","Under 1,000"
"449667","Center for Natural Wellness School of Massage Therapy","2014","Center for Natural Wellness School of Massage Therapy","12205","-73.805687","42.720930","Not applicable, not in Carnegie universe (not accredited or nondegree-granting)","Under 1,000"
"449676","Ace Computer Training Center","2014","Ace Computer Training Center","11375","-73.843281","40.715882","Not applicable, not in Carnegie universe (not accredited or nondegree-granting)","Under 1,000"
"449685","New Age Training","2014","New Age Training","10001-4034","-73.991510","40.748278","Not applicable, not in Carnegie universe (not accredited or nondegree-granting)","Under 1,000"
"450766","LIU Riverhead","2014","LIU Riverhead","11901-3499","-72.699100","40.876143","Very small four-year, primarily nonresidential","Under 1,000"
"451404","Talmudical Seminary of Bobov","2014","Talmudical Seminary of Bobov","11219","-73.995267","40.634729","Not applicable, special focus institution","Under 1,000"
"451413","New York Methodist Hospital Center for Allied Health Education","2014","New York Methodist Hospital Center for Allied Health Education","11229","-73.959024","40.608669","Not applicable, not in Carnegie universe (not accredited or nondegree-granting)","Under 1,000"
"451440","Micropower Career Institute","2014","Micropower Career Institute","10001-7200","-73.992920","40.744688","Not applicable, not in Carnegie universe (not accredited or nondegree-granting)","Under 1,000"
"451459","Monroe 2 Orleans BOCES-Center for Workforce Development","2014","Monroe 2 Orleans BOCES-Center for Workforce Development","14624","-77.743851","43.152828","Not applicable, not in Carnegie universe (not accredited or nondegree-granting)","Under 1,000"
"454184","The Kings College","2014","The Kings College","10004","-74.012348","40.706861","Very small four-year, highly residential","Under 1,000"
"455220","Career School of NY","2014","Career School of NY","10301","-74.078168","40.641352","Not applicable, not in Carnegie universe (not accredited or nondegree-granting)","Under 1,000"
"455239","John Paolo's Xtreme Beauty Institute-Goldwell Product Artistry","2014","John Paolo's Xtreme Beauty Institute-Goldwell Product Artistry","12020","-73.840692","43.021030","Not applicable, not in Carnegie universe (not accredited or nondegree-granting)","Under 1,000"
"455248","Ann Marie's World of Beauty School","2014","Ann Marie's World of Beauty School","13901","-75.908079","42.107798","Not applicable, not in Carnegie universe (not accredited or nondegree-granting)","Under 1,000"
"455257","Yeshiva of Machzikai Hadas","2014","Yeshiva of Machzikai Hadas","11219","-73.987833","40.638341","Not applicable, special focus institution","Under 1,000"
"457794","EDP School of Computer Programming","2014","EDP School of Computer Programming","11235","-73.952901","40.586050","Not applicable, not in Carnegie universe (not accredited or nondegree-granting)","Under 1,000"
"457800","New York Medical Career Training Center","2014","New York Medical Career Training Center","11354","-73.831330","40.762710","Not applicable, not in Carnegie universe (not accredited or nondegree-granting)","Under 1,000"
"457819","Institute of Culinary Education","2014","Institute of Culinary Education","10010","-73.991225","40.742176","Not applicable, not in Carnegie universe (not accredited or nondegree-granting)","Under 1,000"
"457828","New Life Business Institute","2014","New Life Business Institute","11432","-73.798160","40.703460","Not applicable, not in Carnegie universe (not accredited or nondegree-granting)","Under 1,000"
"457837","The Salon Professional Academy-Tonawanda","2014","The Salon Professional Academy-Tonawanda","14150","-78.825221","42.981850","Not applicable, not in Carnegie universe (not accredited or nondegree-granting)","Under 1,000"
"457846","Onondaga School of Therapeutic Massage-Syracuse","2014","Onondaga School of Therapeutic Massage-Syracuse","13210","-76.140431","43.047690","Not applicable, not in Carnegie universe (not accredited or nondegree-granting)","Under 1,000"
"457855","Academy of Cosmetology and Esthetics NYC","2014","Academy of Cosmetology and Esthetics NYC","10306","-74.114451","40.573280","Not applicable, not in Carnegie universe (not accredited or nondegree-granting)","Under 1,000"
"457864","Finger Lakes School of Massage","2014","Finger Lakes School of Massage","14850","-76.535067","42.463910","Not applicable, not in Carnegie universe (not accredited or nondegree-granting)","Under 1,000"
"458511","Gerstner Sloan-Kettering Graduate School of Biomedical Sciences","2014","Gerstner Sloan-Kettering Graduate School of Biomedical Sciences","10065","-73.957420","40.765115","Not applicable, not in Carnegie universe (not accredited or nondegree-granting)","Not reported"
"459462","SAE Institute of Technology-New York","2014","SAE Institute of Technology-New York","10011-4552","-73.998471","40.741255","Not applicable, not in Carnegie universe (not accredited or nondegree-granting)","Under 1,000"
"459471","John Paolo's Xtreme Beauty Institute-Goldwell Product Artistry","2014","John Paolo's Xtreme Beauty Institute-Goldwell Product Artistry","12110","-73.752761","42.762160","Not applicable, not in Carnegie universe (not accredited or nondegree-granting)","Under 1,000"
"460446","Hair Design Institute at Fifth Avenue-New York","2014","Hair Design Institute at Fifth Avenue-New York","10018","-73.992421","40.753010","Not applicable, not in Carnegie universe (not accredited or nondegree-granting)","Under 1,000"
"460455","Onondaga School of Therapeutic Massage-Rochester","2014","Onondaga School of Therapeutic Massage-Rochester","14607","-77.583691","43.158650","Not applicable, not in Carnegie universe (not accredited or nondegree-granting)","Under 1,000"
"460552","Finger Lakes School of Massage","2014","Finger Lakes School of Massage","10549","-73.718171","41.217090","Not applicable, not in Carnegie universe (not accredited or nondegree-granting)","Under 1,000"
"461014","Mildred Elley-New York Campus","2014","Mildred Elley-New York Campus","10004-1010","-74.013991","40.705730","Not applicable, not in Carnegie universe (not accredited or nondegree-granting)","Under 1,000"
"461157","The Collective School Of Music","2014","The Collective School Of Music","10011-2026","-73.996851","40.737900","Not applicable, not in Carnegie universe (not accredited or nondegree-granting)","Under 1,000"
"461351","Manhattan Institute","2014","Manhattan Institute","10001","-73.986135","40.749130","Not applicable, not in Carnegie universe (not accredited or nondegree-granting)","1,000 - 4,999"
"461768","Atelier Esthetique Institute of Esthetics","2014","Atelier Esthetique Institute of Esthetics","10016-8804","-73.984851","40.743060","Not applicable, not in Carnegie universe (not accredited or nondegree-granting)","Under 1,000"
"461838","Long Island Nail & Skin Care Institute","2014","Long Island Nail & Skin Care Institute","11756-1316","-73.498936","40.725716","Not applicable, not in Carnegie universe (not accredited or nondegree-granting)","Under 1,000"
"467094","Continental School of Beauty Culture-Mattydale","2014","Continental School of Beauty Culture-Mattydale","13211-1003","-76.148481","43.106300","Not applicable, not in Carnegie universe (not accredited or nondegree-granting)","Under 1,000"
"468866","MarJon School of Beauty ltd-Lockport","2014","MarJon School of Beauty ltd-Lockport","14094-3702","-78.688891","43.170330","Not applicable, not in Carnegie universe (not accredited or nondegree-granting)","Under 1,000"
"475033","Relay Graduate School of Education","2014","Relay Graduate School of Education","10011","-73.993371","40.740440","Not applicable, not in Carnegie universe (not accredited or nondegree-granting)","Under 1,000"
"475404","New York School of Esthetics & Day Spa","2014","New York School of Esthetics & Day Spa","10591-3232","-73.857751","41.076630","Not applicable, not in Carnegie universe (not accredited or nondegree-granting)","Under 1,000"
"475422","Finger Lakes Health College of Nursing","2014","Finger Lakes Health College of Nursing","14456-1651","-76.988151","42.876400","Not applicable, not in Carnegie universe (not accredited or nondegree-granting)","Under 1,000"
"475510","Christie's Education","2014","Christie's Education","10036-8002","-73.981791","40.754320","Not applicable, not in Carnegie universe (not accredited or nondegree-granting)","Under 1,000"
"475565","Stella and Charles Guttman Community College","2014","Stella and Charles Guttman Community College","10018-2602","-73.984121","40.752800","Not applicable, not in Carnegie universe (not accredited or nondegree-granting)","Under 1,000"
"476355","Miami Ad School-New York","2014","Miami Ad School-New York","11201-1128","-73.987071","40.704590","Not applicable, not in Carnegie universe (not accredited or nondegree-granting)","Under 1,000"
"476504","Access Careers","2014","Access Careers","11201-5826","-73.984101","40.689450","Not applicable, not in Carnegie universe (not accredited or nondegree-granting)","Under 1,000"
"476610","Long Island Barber Institute","2014","Long Island Barber Institute","11550-6317","-73.615331","40.699720","Not applicable, not in Carnegie universe (not accredited or nondegree-granting)","Under 1,000"
"476717","Be'er Yaakov Talmudic Seminary","2014","Be'er Yaakov Talmudic Seminary","10977-1912","-74.028479","41.139363","Not applicable, not in Carnegie universe (not accredited or nondegree-granting)","Under 1,000"
"476878","Aesthetic Science Institute","2014","Aesthetic Science Institute","12110-1095","-73.822507","42.771428","Not applicable, not in Carnegie universe (not accredited or nondegree-granting)","Under 1,000"
"479123","Leon Studio One School of Hair Design & Career Training Center","2014","Leon Studio One School of Hair Design & Career Training Center","14120-5922","-78.873871","43.023170","Not applicable, not in Carnegie universe (not accredited or nondegree-granting)","Under 1,000"
"480028","Digital Film Academy","2014","Digital Film Academy","10036","-73.991413","40.759983","Not applicable, not in Carnegie universe (not accredited or nondegree-granting)","Under 1,000"
"480091","Bryant & Stratton College-Online","2014","Bryant & Stratton College-Online","14127","-78.767204","42.790790","Not applicable, not in Carnegie universe (not accredited or nondegree-granting)","1,000 - 4,999"
"481094","Sotheby's Institute of Art-NY","2014","Sotheby's Institute of Art-NY","10022-6717","-73.937381","40.688970","Not applicable, not in Carnegie universe (not accredited or nondegree-granting)","Under 1,000"
"481164","American Academy of Personal Training","2014","American Academy of Personal Training","10011-7301","-73.998971","40.737850","Not applicable, not in Carnegie universe (not accredited or nondegree-granting)","Under 1,000"
"481243","New York Institute of Beauty","2014","New York Institute of Beauty","11749-1479","-73.189311","40.802490","Not applicable, not in Carnegie universe (not accredited or nondegree-granting)","Under 1,000"
"481304","Cactus Academy","2014","Cactus Academy","11530-3402","-73.615721","40.742620","Not applicable, not in Carnegie universe (not accredited or nondegree-granting)","Under 1,000"
"481331","Sharp Edgez Barber Institute","2014","Sharp Edgez Barber Institute","14620-0000","-77.605010","43.140462","Not applicable, not in Carnegie universe (not accredited or nondegree-granting)","Under 1,000"
"481410","Yeshiva Gedolah Kesser Torah","2014","Yeshiva Gedolah Kesser Torah","10952-2127","-74.068551","41.124940","Not applicable, not in Carnegie universe (not accredited or nondegree-granting)","Under 1,000"
"481845","Empire Beauty School-Rochester","2014","Empire Beauty School-Rochester","14626-3461","-77.729823","43.215448","Not applicable, not in Carnegie universe (not accredited or nondegree-granting)","Under 1,000"
"482194","Arrojo Cosmetology School","2014","Arrojo Cosmetology School","10014","-74.004978","40.727785","Not applicable, not in Carnegie universe (not accredited or nondegree-granting)","Under 1,000"
"482413","DeVry College of New York","2014","DeVry College of New York","10016","-73.983187","40.747567","Not applicable, not in Carnegie universe (not accredited or nondegree-granting)","1,000 - 4,999"
"483382","Electrical Training Center","2014","Electrical Training Center","11726","-73.404767","40.680398","Not applicable, not in Carnegie universe (not accredited or nondegree-granting)","Under 1,000"
"483708","Access Careers","2014","Access Careers","11550-0000","-73.615222","40.709763","Not applicable, not in Carnegie universe (not accredited or nondegree-granting)","Under 1,000"
"483841","Grace International Beauty School","2014","Grace International Beauty School","11355-2446","-73.828495","40.758821","Not applicable, not in Carnegie universe (not accredited or nondegree-granting)","Under 1,000"
"483850","Alliance Computing Solutions","2014","Alliance Computing Solutions","11354-6507","-73.831231","40.761664","Not applicable, not in Carnegie universe (not accredited or nondegree-granting)","Under 1,000"
"484011","Paul Mitchell the School-Schenectady","2014","Paul Mitchell the School-Schenectady","12305-2303","-73.942074","42.813034","Not applicable, not in Carnegie universe (not accredited or nondegree-granting)","Under 1,000"
"484385","Branford Hall Career Institute-Amityville","2014","Branford Hall Career Institute-Amityville","11701-2244","-73.428808","40.709601","Not applicable, not in Carnegie universe (not accredited or nondegree-granting)","Under 1,000"
"484871","Rabbinical College Ohr Yisroel","2014","Rabbinical College Ohr Yisroel","11236","-73.896346","40.629411","Not applicable, not in Carnegie universe (not accredited or nondegree-granting)","Under 1,000"
"485014","Empire Beauty School-Buffalo","2014","Empire Beauty School-Buffalo","14225-5177","-78.755419","42.907116","Not applicable, not in Carnegie universe (not accredited or nondegree-granting)","Under 1,000"
